                  epoch,             train/loss,  metrics/accuracy_top1,  metrics/accuracy_top5,               val/loss,                 lr/pg0,                 lr/pg1,                 lr/pg2
                      1,                0.21251,                0.99603,                      1,                  1.698,             0.00023769,             0.00023769,             0.00023769
                      2,                0.18171,                0.99901,                      1,                 1.6961,             0.00046627,             0.00046627,             0.00046627
                      3,                0.16503,                0.99802,                      1,                 1.6962,             0.00068542,             0.00068542,             0.00068542
                      4,                0.16129,                      1,                      1,                 1.6957,             0.00067159,             0.00067159,             0.00067159
                      5,                0.13507,                0.99901,                      1,                 1.6926,             0.00065745,             0.00065745,             0.00065745
                      6,                0.12848,                0.99702,                      1,                 1.6976,             0.00064331,             0.00064331,             0.00064331
                      7,                0.11056,                0.99405,                      1,                 1.6967,             0.00062918,             0.00062918,             0.00062918
                      8,                0.10223,                0.99901,                      1,                 1.6943,             0.00061504,             0.00061504,             0.00061504
                      9,                0.09634,                0.99702,                      1,                 1.6973,              0.0006009,              0.0006009,              0.0006009
