                  epoch,             train/loss,  metrics/accuracy_top1,  metrics/accuracy_top5,               val/loss,                 lr/pg0,                 lr/pg1,                 lr/pg2
                      1,                0.94594,                0.96078,                 0.9976,                 1.7416,              0.0033315,              0.0033315,              0.0033315
                      2,                0.23386,                0.97679,                 0.9996,                 1.7171,              0.0065329,              0.0065329,              0.0065329
                      3,                0.22274,                0.97119,                0.97959,                 1.7216,              0.0096023,              0.0096023,              0.0096023
                      4,                0.22814,                0.96479,                0.97959,                 1.7286,               0.009406,               0.009406,               0.009406
                      5,                0.16188,                0.97759,                0.97959,                 1.7142,               0.009208,               0.009208,               0.009208
